{"inputUnits":[42],"outputUnits":5,"inputs":{"0":{"dtype":"number","min":254.18681045100556,"max":524.1349509401747},"1":{"dtype":"number","min":364.92988635936695,"max":439.74217802684933},"2":{"dtype":"number","min":197.62350934563568,"max":477.2700620260723},"3":{"dtype":"number","min":329.41086555126265,"max":407.6921745926344},"4":{"dtype":"number","min":167.77883673359997,"max":432.73423424086616},"5":{"dtype":"number","min":275.4463200695533,"max":376.9155803810668},"6":{"dtype":"number","min":139.2944814364258,"max":427.1559937154708},"7":{"dtype":"number","min":222.65185337577458,"max":352.60262695364645},"8":{"dtype":"number","min":117.93341130573955,"max":459.4863326503868},"9":{"dtype":"number","min":175.33071593172906,"max":351.43830019334064},"10":{"dtype":"number","min":221.53728840313443,"max":473.3082230807456},"11":{"dtype":"number","min":235.18334890370508,"max":305.167426132825},"12":{"dtype":"number","min":194.7405730974415,"max":477.23114912848206},"13":{"dtype":"number","min":164.54949456938095,"max":278.22879245362},"14":{"dtype":"number","min":179.7823437830944,"max":481.8294051556088},"15":{"dtype":"number","min":112.00631154735309,"max":312.5518251156985},"16":{"dtype":"number","min":171.52392888089884,"max":490.2486078536556},"17":{"dtype":"number","min":58.66438872773543,"max":333.1486741265631},"18":{"dtype":"number","min":253.60022427429095,"max":513.1508163998316},"19":{"dtype":"number","min":247.55278322566875,"max":312.9735061473372},"20":{"dtype":"number","min":210.72217088566347,"max":525.7952098646538},"21":{"dtype":"number","min":219.68436515362376,"max":285.75131116802686},"22":{"dtype":"number","min":206.1250317175822,"max":520.2532074625168},"23":{"dtype":"number","min":242.87791860675281,"max":344.14410886726694},"24":{"dtype":"number","min":214.5191179946336,"max":512.8963542391588},"25":{"dtype":"number","min":251.35914827284944,"max":389.7847097834514},"26":{"dtype":"number","min":283.44932123575194,"max":548.2395336898263},"27":{"dtype":"number","min":257.1100030571142,"max":332.18619696015503},"28":{"dtype":"number","min":243.97074773749378,"max":561.1204601188743},"29":{"dtype":"number","min":239.42979469144137,"max":306.7441283571093},"30":{"dtype":"number","min":243.8857792959805,"max":545.9266343811337},"31":{"dtype":"number","min":265.61151286441833,"max":346.9188949241908},"32":{"dtype":"number","min":258.9518529160301,"max":534.7290686194881},"33":{"dtype":"number","min":277.8240467089695,"max":374.1093822577834},"34":{"dtype":"number","min":306.28604089718647,"max":579.9868959118832},"35":{"dtype":"number","min":265.8570011250215,"max":354.68078029902193},"36":{"dtype":"number","min":287.8318785309348,"max":590.3731863016865},"37":{"dtype":"number","min":215.7310377510204,"max":324.2661963282867},"38":{"dtype":"number","min":274.15196014934196,"max":573.5674760080553},"39":{"dtype":"number","min":168.31079496830753,"max":352.82716786901085},"40":{"dtype":"number","min":277.3563933311918,"max":566.4067695014728},"41":{"dtype":"number","min":123.11463567692725,"max":371.78380667594377}},"outputs":{"0":{"dtype":"string","min":0,"max":1,"uniqueValues":["a","y","l","d","Meta"],"legend":{"a":[1,0,0,0,0],"y":[0,1,0,0,0],"l":[0,0,1,0,0],"d":[0,0,0,1,0],"Meta":[0,0,0,0,1]}}},"isNormalized":true}